Date,Close,,,,
03/01/2002,11.775,,,,
04/01/2002,11.845,,,,0
07/01/2002,11.455,,,,
08/01/2002,11.32,,,,
09/01/2002,10.83,,,,
10/01/2002,10.615,,,,
11/01/2002,10.53,,,,
14/01/2002,10.575,,,,
15/01/2002,10.84,,,,
16/01/2002,10.39,,,,
17/01/2002,11.24,,,,
18/01/2002,11.085,,,,
22/01/2002,10.91,,,,
23/01/2002,11.505,,,,
24/01/2002,11.605,,,,
25/01/2002,11.65,,,,
28/01/2002,11.625,,,,
29/01/2002,11.535,,,,
30/01/2002,12.07,,,,
31/01/2002,12.36,,,,
01/02/2002,12.25,,,,
04/02/2002,12.675,,,,
05/02/2002,12.73,,,,
06/02/2002,12.335,,,,
07/02/2002,12.14,,,,
08/02/2002,12.01,,,,
11/02/2002,12.49,,,,
12/02/2002,12.355,,,,
13/02/2002,12.495,,,,
14/02/2002,12.305,,,,
15/02/2002,11.96,,,,
19/02/2002,11.3,,,,
20/02/2002,11.58,,,,
21/02/2002,10.725,,,,
22/02/2002,11.37,,,,
25/02/2002,11.905,,,,
26/02/2002,11.83,,,,
27/02/2002,10.99,,,,
28/02/2002,10.85,,,,
01/03/2002,11.735,,,,
04/03/2002,12.155,,,,
05/03/2002,11.765,,,,
06/03/2002,12.035,,,,
07/03/2002,12.185,,,,
08/03/2002,12.32,,,,
11/03/2002,12.525,,,,
12/03/2002,12.37,,,,
13/03/2002,12.25,,,,
14/03/2002,12.215,,,,
15/03/2002,12.475,,,,
18/03/2002,12.365,,,,
19/03/2002,12.4,,,,
20/03/2002,12.46,,,,
21/03/2002,12.15,,,,
22/03/2002,12.045,,,,
25/03/2002,11.67,,,,
26/03/2002,11.73,,,,
27/03/2002,11.745,,,,
28/03/2002,11.835,,,,
01/04/2002,12.23,,,,
02/04/2002,12.04,,,,
03/04/2002,11.88,,,,
04/04/2002,12.45,,,,
05/04/2002,12.36,,,,
08/04/2002,12.305,,,,
09/04/2002,12.065,,,,
10/04/2002,12.355,,,,
11/04/2002,12.455,,,,
12/04/2002,12.525,,,,
15/04/2002,12.5,,,,
16/04/2002,12.88,,,,
17/04/2002,13.055,,,,
18/04/2002,12.71,,,,
19/04/2002,12.49,,,,
22/04/2002,12.265,,,,
23/04/2002,12.115,,,,
24/04/2002,11.88,,,,
25/04/2002,12.06,,,,
26/04/2002,11.505,,,,
29/04/2002,11.98,,,,
30/04/2002,12.125,,,,
01/05/2002,11.97,,,,
02/05/2002,11.825,,,,
03/05/2002,11.755,,,,
06/05/2002,11.325,,,,
07/05/2002,11.235,,,,
08/05/2002,12.185,,,,
09/05/2002,12.095,,,,
10/05/2002,11.665,,,,
13/05/2002,11.965,,,,
14/05/2002,12.805,,,,
15/05/2002,12.635,,,,
16/05/2002,12.615,,,,
17/05/2002,12.505,,,,
20/05/2002,12.36,,,,
21/05/2002,11.72,,,,
22/05/2002,12.16,,,,
23/05/2002,12.59,,,,
24/05/2002,12.055,,,,
28/05/2002,11.99,,,,
29/05/2002,12.03,,,,
30/05/2002,12.1,,,,
31/05/2002,11.66,,,,
03/06/2002,11.45,,,,
04/06/2002,11.39,,,,
05/06/2002,11.35,,,,
06/06/2002,11.06,,,,
07/06/2002,10.695,,,,
10/06/2002,10.75,,,,
11/06/2002,10.225,,,,
12/06/2002,10.045,,,,
13/06/2002,9.77,,,,
14/06/2002,10.05,,,,
17/06/2002,10.26,,,,
18/06/2002,10.075,,,,
19/06/2002,8.56,,,,
20/06/2002,8.56,,,,
21/06/2002,8.46,,,,
24/06/2002,8.635,,,,
25/06/2002,8.57,,,,
26/06/2002,8.21,,,,
27/06/2002,8.525,,,,
28/06/2002,8.855,,,,
01/07/2002,8.535,,,,
02/07/2002,8.47,,,,
03/07/2002,8.78,,,,
05/07/2002,9.37,,,,
08/07/2002,9.005,,,,
09/07/2002,8.76,,,,
10/07/2002,8.66,,,,
11/07/2002,9.14,,,,
12/07/2002,8.75,,,,
15/07/2002,9.13,,,,
16/07/2002,8.93,,,,
17/07/2002,7.8,,,,
18/07/2002,7.495,,,,
19/07/2002,7.48,,,,
22/07/2002,7.45,,,,
23/07/2002,7.22,,,,
24/07/2002,7.595,,,,
25/07/2002,7.185,,,,
26/07/2002,7.165,,,,
29/07/2002,7.515,,,,
30/07/2002,7.71,,,,
31/07/2002,7.625,,,,
01/08/2002,7.395,,,,
02/08/2002,7.23,,,,
05/08/2002,6.985,,,,
06/08/2002,7.37,,,,
07/08/2002,7.52,,,,
08/08/2002,7.645,,,,
09/08/2002,7.5,,,,
12/08/2002,7.465,,,,
13/08/2002,7.305,,,,
14/08/2002,7.585,,,,
15/08/2002,7.8,,,,
16/08/2002,7.905,,,,
19/08/2002,7.99,,,,
20/08/2002,7.955,,,,
21/08/2002,8.075,,,,
22/08/2002,7.98,,,,
23/08/2002,7.86,,,,
26/08/2002,7.78,,,,
27/08/2002,7.425,,,,
28/08/2002,7.345,,,,
29/08/2002,7.345,,,,
30/08/2002,7.37,,,,
03/09/2002,7.025,,,,
04/09/2002,7.225,,,,
05/09/2002,7.095,,,,
06/09/2002,7.19,,,,
09/09/2002,7.185,,,,
10/09/2002,7.17,,,,
11/09/2002,7.14,,,,
12/09/2002,7.07,,,,
13/09/2002,7.105,,,,
16/09/2002,7.25,,,,
17/09/2002,7.4,,,,
18/09/2002,7.505,,,,
19/09/2002,7.285,,,,
20/09/2002,7.405,,,,
23/09/2002,7.425,,,,
24/09/2002,7.315,,,,
25/09/2002,7.47,,,,
26/09/2002,7.355,,,,
27/09/2002,7.36,,,,
30/09/2002,7.25,,,,
01/10/2002,7.25,,,,
02/10/2002,7.085,,,,
03/10/2002,7.145,,,,
04/10/2002,7.011,,,,
07/10/2002,6.885,,,,
08/10/2002,6.835,,,,
09/10/2002,6.8,,,,
10/10/2002,7.05,,,,
11/10/2002,7.255,,,,
14/10/2002,7.385,,,,
15/10/2002,7.58,,,,
16/10/2002,7.285,,,,
17/10/2002,7.06,,,,
18/10/2002,7.175,,,,
21/10/2002,7.28,,,,
22/10/2002,7.35,,,,
23/10/2002,7.44,,,,
24/10/2002,7.35,,,,
25/10/2002,7.71,,,,
28/10/2002,7.8,,,,
29/10/2002,7.72,,,,
30/10/2002,7.985,,,,
31/10/2002,8.005,,,,
01/11/2002,8.18,,,,
04/11/2002,8.44,,,,
05/11/2002,8.45,,,,
06/11/2002,8.61,,,,
07/11/2002,8,,,,
08/11/2002,7.925,,,,
11/11/2002,7.59,,,,
12/11/2002,7.815,,,,
13/11/2002,7.795,,,,
14/11/2002,8.165,,,,
15/11/2002,7.95,,,,
18/11/2002,7.775,,,,
19/11/2002,7.635,,,,
20/11/2002,7.76,,,,
21/11/2002,8.17,,,,
22/11/2002,8.005,,,,
25/11/2002,7.985,,,,
26/11/2002,7.7,,,,
27/11/2002,7.865,,,,
29/11/2002,7.75,,,,
02/12/2002,7.6,,,,
03/12/2002,7.59,,,,
04/12/2002,7.495,,,,
05/12/2002,7.32,,,,
06/12/2002,7.49,,,,
09/12/2002,7.38,,,,
10/12/2002,7.655,,,,
11/12/2002,7.745,,,,
12/12/2002,7.595,,,,
13/12/2002,7.393,,,,
16/12/2002,7.42,,,,
17/12/2002,7.505,,,,
18/12/2002,7.28,,,,
19/12/2002,7.09,,,,
20/12/2002,7.075,,,,
23/12/2002,7.245,,,,
24/12/2002,7.18,,,,
26/12/2002,7.205,,,,
27/12/2002,7.04,,,,
30/12/2002,7.025,,,,
31/12/2002,7.17,,,,
02/01/2003,7.405,,,,
03/01/2003,7.46,,,,
06/01/2003,7.445,,,,
07/01/2003,7.41,,,,
08/01/2003,7.275,,,,
09/01/2003,7.345,,,,
10/01/2003,7.37,,,,
13/01/2003,7.375,,,,
14/01/2003,7.305,,,,
15/01/2003,7.22,,,,
16/01/2003,7.3,,,,
17/01/2003,7.05,,,,
21/01/2003,7,,,,
22/01/2003,6.93,,,,
23/01/2003,7.105,,,,
24/01/2003,6.895,,,,
27/01/2003,7.07,,,,
28/01/2003,7.315,,,,
29/01/2003,7.445,,,,
30/01/2003,7.155,,,,
31/01/2003,7.175,,,,
03/02/2003,7.33,,,,
04/02/2003,7.3,,,,
05/02/2003,7.225,,,,
06/02/2003,7.225,,,,
07/02/2003,7.055,,,,
10/02/2003,7.175,,,,
11/02/2003,7.175,,,,
12/02/2003,7.175,,,,
13/02/2003,7.271,,,,
14/02/2003,7.335,,,,
18/02/2003,7.635,,,,
19/02/2003,7.43,,,,
20/02/2003,7.36,,,,
21/02/2003,7.495,,,,
24/02/2003,7.375,,,,
25/02/2003,7.515,,,,
26/02/2003,7.26,,,,
27/02/2003,7.43,,,,
28/02/2003,7.505,,,,
03/03/2003,7.325,,,,
04/03/2003,7.25,,,,
05/03/2003,7.315,,,,
06/03/2003,7.28,,,,
07/03/2003,7.282,,,,
10/03/2003,7.185,,,,
11/03/2003,7.115,,,,
12/03/2003,7.125,,,,
13/03/2003,7.36,,,,
14/03/2003,7.39,,,,
17/03/2003,7.51,,,,
18/03/2003,7.5,,,,
19/03/2003,7.48,,,,
20/03/2003,7.455,,,,
21/03/2003,7.48,,,,
24/03/2003,7.195,,,,
25/03/2003,7.28,,,,
26/03/2003,7.205,,,,
27/03/2003,7.245,,,,
28/03/2003,7.28,,,,
31/03/2003,7.065,,,,
01/04/2003,7.065,,,,
02/04/2003,7.32,,,,
03/04/2003,7.23,,,,
04/04/2003,7.205,,,,
07/04/2003,7.245,,,,
08/04/2003,7.225,,,,
09/04/2003,7.095,,,,
10/04/2003,7.185,,,,
11/04/2003,6.64,,,,
14/04/2003,6.785,,,,
15/04/2003,6.695,,,,
16/04/2003,6.61,,,,
17/04/2003,6.56,,,,
21/04/2003,6.57,,,,
22/04/2003,6.755,,,,
23/04/2003,6.79,,,,
24/04/2003,6.725,,,,
25/04/2003,6.675,,,,
28/04/2003,6.925,,,,
29/04/2003,7.03,,,,
30/04/2003,7.1,,,,
01/05/2003,7.19,,,,
02/05/2003,7.225,,,,
05/05/2003,8.035,,,,
06/05/2003,8.746,,,,
07/05/2003,8.845,,,,
08/05/2003,9.015,,,,
09/05/2003,9.126,,,,
12/05/2003,9.285,,,,
13/05/2003,9.28,,,,
14/05/2003,9.28,,,,
15/05/2003,9.365,,,,
16/05/2003,9.49,,,,
19/05/2003,9.075,,,,
20/05/2003,8.895,,,,
21/05/2003,8.925,,,,
22/05/2003,9.12,,,,
23/05/2003,9.16,,,,
27/05/2003,9.435,,,,
28/05/2003,9.14,,,,
29/05/2003,9.05,,,,
30/05/2003,8.95,,,,
02/06/2003,8.725,,,,
03/06/2003,8.655,,,,
04/06/2003,8.79,,,,
05/06/2003,8.815,,,,
06/06/2003,8.57,,,,
09/06/2003,8.4,,,,
10/06/2003,8.59,,,,
11/06/2003,8.725,,,,
12/06/2003,8.87,,,,
13/06/2003,8.71,,,,
16/06/2003,9.135,,,,
17/06/2003,9.09,,,,
18/06/2003,9.56,,,,
19/06/2003,9.555,,,,
20/06/2003,9.6,,,,
23/06/2003,9.515,,,,
24/06/2003,9.38,,,,
25/06/2003,9.545,,,,
26/06/2003,9.645,,,,
27/06/2003,9.36,,,,
30/06/2003,9.525,,,,
01/07/2003,9.545,,,,
02/07/2003,9.665,,,,
03/07/2003,9.565,,,,
07/07/2003,9.95,,,,
08/07/2003,10.205,,,,
09/07/2003,9.945,,,,
10/07/2003,9.79,,,,
11/07/2003,9.925,,,,
14/07/2003,9.95,,,,
15/07/2003,9.805,,,,
16/07/2003,9.945,,,,
17/07/2003,10.46,,,,
18/07/2003,10.425,,,,
21/07/2003,10.305,,,,
22/07/2003,10.4,,,,
23/07/2003,10.405,,,,
24/07/2003,10.255,,,,
25/07/2003,10.77,,,,
28/07/2003,10.465,,,,
29/07/2003,10.405,,,,
30/07/2003,10.125,,,,
31/07/2003,10.56,,,,
01/08/2003,10.32,,,,
04/08/2003,10.625,,,,
05/08/2003,10.185,,,,
06/08/2003,9.84,,,,
07/08/2003,9.94,,,,
08/08/2003,9.82,,,,
11/08/2003,9.83,,,,
12/08/2003,9.84,,,,
13/08/2003,10.09,,,,
14/08/2003,9.975,,,,
15/08/2003,9.855,,,,
18/08/2003,10.19,,,,
19/08/2003,10.12,,,,
20/08/2003,10.505,,,,
21/08/2003,10.82,,,,
22/08/2003,10.43,,,,
25/08/2003,10.43,,,,
26/08/2003,10.515,,,,
27/08/2003,10.725,,,,
28/08/2003,11.105,,,,
29/08/2003,11.32,,,,
02/09/2003,11.425,,,,
03/09/2003,11.495,,,,
04/09/2003,11.415,,,,
05/09/2003,11.225,,,,
08/09/2003,11.355,,,,
09/09/2003,11.18,,,,
10/09/2003,11.13,,,,
11/09/2003,11.27,,,,
12/09/2003,11.54,,,,
15/09/2003,11.125,,,,
16/09/2003,11.14,,,,
17/09/2003,11.075,,,,
18/09/2003,11.465,,,,
19/09/2003,11.33,,,,
22/09/2003,11.06,,,,
23/09/2003,11.215,,,,
24/09/2003,10.63,,,,
25/09/2003,10.15,,,,
26/09/2003,10.325,,,,
29/09/2003,10.69,,,,
30/09/2003,10.31,,,,
01/10/2003,10.395,,,,
02/10/2003,10.285,,,,
03/10/2003,10.885,,,,
06/10/2003,11.145,,,,
07/10/2003,11.61,,,,
08/10/2003,11.51,,,,
09/10/2003,11.725,,,,
10/10/2003,11.86,,,,
13/10/2003,12.17,,,,
14/10/2003,12.3,,,,
15/10/2003,12.425,,,,
16/10/2003,11.595,,,,
17/10/2003,11.365,,,,
20/10/2003,11.615,,,,
21/10/2003,11.59,,,,
22/10/2003,11.425,,,,
23/10/2003,11.435,,,,
24/10/2003,11.3,,,,
27/10/2003,11.325,,,,
28/10/2003,11.775,,,,
29/10/2003,11.845,,,,
30/10/2003,11.525,,,,
31/10/2003,11.415,,,,
03/11/2003,11.625,,,,
04/11/2003,11.455,,,,
05/11/2003,11.505,,,,
06/11/2003,11.56,,,,
07/11/2003,11.225,,,,
10/11/2003,10.96,,,,
11/11/2003,10.77,,,,
12/11/2003,11.21,,,,
13/11/2003,11.22,,,,
14/11/2003,10.73,,,,
17/11/2003,10.585,,,,
18/11/2003,10.175,,,,
19/11/2003,10.17,,,,
20/11/2003,10.155,,,,
21/11/2003,10.15,,,,
24/11/2003,10.58,,,,
25/11/2003,10.35,,,,
26/11/2003,10.34,,,,
28/11/2003,10.455,,,,
01/12/2003,10.905,,,,
02/12/2003,10.755,,,,
03/12/2003,10.515,,,,
04/12/2003,10.575,,,,
05/12/2003,10.445,,,,
08/12/2003,10.525,,,,
09/12/2003,10.245,,,,
10/12/2003,10.195,,,,
11/12/2003,10.59,,,,
12/12/2003,10.45,,,,
15/12/2003,10.035,,,,
16/12/2003,10.055,,,,
17/12/2003,9.985,,,,
18/12/2003,10.045,,,,
19/12/2003,9.84,,,,
22/12/2003,9.925,,,,
23/12/2003,9.85,,,,
24/12/2003,10.205,,,,
26/12/2003,10.39,,,,
29/12/2003,10.575,,,,
30/12/2003,10.625,,,,
31/12/2003,10.685,,,,
02/01/2004,10.59,,,,
05/01/2004,11.085,,,,
06/01/2004,11.05,,,,
07/01/2004,11.295,,,,
08/01/2004,11.705,,,,
09/01/2004,11.48,,,,
12/01/2004,11.865,,,,
13/01/2004,12.02,,,,
14/01/2004,12.11,,,,
15/01/2004,11.415,,,,
16/01/2004,11.325,,,,
20/01/2004,11.38,,,,
21/01/2004,11.35,,,,
22/01/2004,11.09,,,,
23/01/2004,11.285,,,,
26/01/2004,11.52,,,,
27/01/2004,11.495,,,,
28/01/2004,11.235,,,,
29/01/2004,11.35,,,,
30/01/2004,11.28,,,,
02/02/2004,11.06,,,,
03/02/2004,11.15,,,,
04/02/2004,10.89,,,,
05/02/2004,11.22,,,,
06/02/2004,11.37,,,,
09/02/2004,11.335,,,,
10/02/2004,11.5,,,,
11/02/2004,11.92,,,,
12/02/2004,11.865,,,,
13/02/2004,11.495,,,,
17/02/2004,11.585,,,,
18/02/2004,11.63,,,,
19/02/2004,11.22,,,,
20/02/2004,11.175,,,,
23/02/2004,11.075,,,,
24/02/2004,11.16,,,,
25/02/2004,11.415,,,,
26/02/2004,11.52,,,,
27/02/2004,11.97,,,,
01/03/2004,12.05,,,,
02/03/2004,11.915,,,,
03/03/2004,11.945,,,,
04/03/2004,12.58,,,,
05/03/2004,13.41,,,,
08/03/2004,13,,,,
09/03/2004,13.525,,,,
10/03/2004,13.845,,,,
11/03/2004,13.62,,,,
12/03/2004,13.785,,,,
15/03/2004,13.24,,,,
16/03/2004,12.91,,,,
17/03/2004,13.095,,,,
18/03/2004,12.84,,,,
19/03/2004,12.935,,,,
22/03/2004,12.885,,,,
23/03/2004,12.65,,,,
24/03/2004,12.73,,,,
25/03/2004,13.4,,,,
26/03/2004,13.525,,,,
29/03/2004,13.955,,,,
30/03/2004,13.955,,,,
31/03/2004,13.525,,,,
01/04/2004,13.55,,,,
02/04/2004,13.75,,,,
05/04/2004,14.17,,,,
06/04/2004,13.915,,,,
07/04/2004,13.65,,,,
08/04/2004,13.765,,,,
12/04/2004,14.015,,,,
13/04/2004,13.47,,,,
14/04/2004,13.32,,,,
15/04/2004,14.645,,,,
16/04/2004,14.59,,,,
19/04/2004,14.175,,,,
20/04/2004,13.835,,,,
21/04/2004,13.815,,,,
22/04/2004,13.91,,,,
23/04/2004,13.85,,,,
26/04/2004,13.57,,,,
27/04/2004,13.455,,,,
28/04/2004,13.25,,,,
29/04/2004,13.42,,,,
30/04/2004,12.88,,,,
03/05/2004,12.985,,,,
04/05/2004,13.08,,,,
05/05/2004,13.32,,,,
06/05/2004,13.29,,,,
07/05/2004,13.35,,,,
10/05/2004,13.06,,,,
11/05/2004,13.54,,,,
12/05/2004,13.645,,,,
13/05/2004,13.595,,,,
14/05/2004,13.5,,,,
17/05/2004,13.32,,,,
18/05/2004,13.53,,,,
19/05/2004,13.24,,,,
20/05/2004,13.35,,,,
21/05/2004,13.555,,,,
24/05/2004,13.685,,,,
25/05/2004,14.205,,,,
26/05/2004,14.255,,,,
27/05/2004,14.075,,,,
28/05/2004,14.045,,,,
01/06/2004,14.02,,,,
02/06/2004,14.465,,,,
03/06/2004,14.245,,,,
04/06/2004,14.41,,,,
07/06/2004,14.9,,,,
08/06/2004,15.15,,,,
09/06/2004,15.125,,,,
10/06/2004,15.35,,,,
14/06/2004,15.03,,,,
15/06/2004,15.34,,,,
16/06/2004,16.365,,,,
17/06/2004,16.405,,,,
18/06/2004,16.46,,,,
21/06/2004,16.105,,,,
22/06/2004,16.5,,,,
23/06/2004,16.825,,,,
24/06/2004,16.58,,,,
25/06/2004,16.73,,,,
28/06/2004,16.24,,,,
29/06/2004,16.245,,,,
30/06/2004,16.27,,,,
01/07/2004,16.145,,,,
02/07/2004,15.54,,,,
06/07/2004,15.475,,,,
07/07/2004,15.14,,,,
08/07/2004,15.025,,,,
09/07/2004,15.03,,,,
12/07/2004,14.575,,,,
13/07/2004,14.59,,,,
14/07/2004,14.795,,,,
15/07/2004,16.43,,,,
16/07/2004,16.095,,,,
19/07/2004,15.97,,,,
20/07/2004,16.1,,,,
21/07/2004,15.82,,,,
22/07/2004,15.82,,,,
23/07/2004,15.33,,,,
26/07/2004,15.635,,,,
27/07/2004,16.22,,,,
28/07/2004,16.115,,,,
29/07/2004,16.325,,,,
30/07/2004,16.18,,,,
02/08/2004,15.79,,,,
03/08/2004,15.66,,,,
04/08/2004,15.885,,,,
05/08/2004,15.69,,,,
06/08/2004,14.885,,,,
09/08/2004,15.135,,,,
10/08/2004,15.73,,,,
11/08/2004,15.5,,,,
12/08/2004,15.21,,,,
13/08/2004,15.415,,,,
16/08/2004,15.39,,,,
17/08/2004,15.44,,,,
18/08/2004,15.89,,,,
19/08/2004,15.345,,,,
20/08/2004,15.395,,,,
23/08/2004,15.535,,,,
24/08/2004,15.96,,,,
25/08/2004,16.525,,,,
26/08/2004,17.33,,,,
27/08/2004,17.175,,,,
30/08/2004,17.055,,,,
31/08/2004,17.215,,,,
01/09/2004,17.92,,,,
02/09/2004,17.865,,,,
03/09/2004,17.615,,,,
07/09/2004,17.91,,,,
08/09/2004,18.16,,,,
09/09/2004,17.85,,,,
10/09/2004,17.93,,,,
13/09/2004,17.785,,,,
14/09/2004,17.745,,,,
15/09/2004,17.575,,,,
16/09/2004,18.14,,,,
17/09/2004,18.575,,,,
20/09/2004,18.86,,,,
21/09/2004,19.205,,,,
22/09/2004,18.46,,,,
23/09/2004,18.635,,,,
24/09/2004,18.63,,,,
27/09/2004,18.765,,,,
28/09/2004,18.98,,,,
29/09/2004,19.325,,,,
30/09/2004,19.36,,,,
01/10/2004,19.335,,,,
04/10/2004,19.38,,,,
05/10/2004,19.815,,,,
06/10/2004,20.315,,,,
07/10/2004,19.795,,,,
08/10/2004,19.525,,,,
11/10/2004,19.31,,,,
12/10/2004,19.18,,,,
13/10/2004,19.805,,,,
14/10/2004,22.485,,,,
15/10/2004,22.785,,,,
18/10/2004,23.835,,,,
19/10/2004,23.7,,,,
20/10/2004,23.735,,,,
21/10/2004,23.975,,,,
22/10/2004,23.725,,,,
25/10/2004,23.755,,,,
26/10/2004,23.98,,,,
27/10/2004,25.16,,,,
28/10/2004,26.085,,,,
29/10/2004,26.255,,,,
01/11/2004,26.165,,,,
02/11/2004,26.75,,,,
03/11/2004,27.66,,,,
04/11/2004,27.225,,,,
05/11/2004,27.35,,,,
08/11/2004,27.155,,,,
09/11/2004,27.035,,,,
10/11/2004,27.375,,,,
11/11/2004,27.685,,,,
12/11/2004,27.75,,,,
15/11/2004,27.59,,,,
16/11/2004,27.46,,,,
17/11/2004,27.45,,,,
18/11/2004,27.7,,,,
19/11/2004,27.55,,,,
22/11/2004,30.675,,,,
23/11/2004,30.64,,,,
24/11/2004,32,,,,
26/11/2004,32.275,,,,
29/11/2004,34.22,,,,
30/11/2004,33.65,,,,
01/12/2004,33.89,,,,
02/12/2004,32.6,,,,
03/12/2004,31.355,,,,
06/12/2004,32.92,,,,
07/12/2004,31.44,,,,
08/12/2004,31.645,,,,
09/12/2004,31.975,,,,
10/12/2004,32.555,,,,
13/12/2004,32.435,,,,
14/12/2004,32.645,,,,
15/12/2004,32.64,,,,
16/12/2004,33.305,,,,
17/12/2004,32.495,,,,
20/12/2004,31.35,,,,
21/12/2004,31.85,,,,
22/12/2004,31.88,,,,
23/12/2004,32,,,,
27/12/2004,31.585,,,,
28/12/2004,32.11,,,,
29/12/2004,32.215,,,,
30/12/2004,32.41,,,,
31/12/2004,32.2,,,,
03/01/2005,31.66,,,,
04/01/2005,31.97,,,,
05/01/2005,32.255,,,,
06/01/2005,32.29,,,,
07/01/2005,34.62,,,,
10/01/2005,34.465,,,,
11/01/2005,32.265,,,,
12/01/2005,32.755,,,,
13/01/2005,34.915,,,,
14/01/2005,35.1,,,,
18/01/2005,35.33,,,,
19/01/2005,34.95,,,,
20/01/2005,35.22,,,,
21/01/2005,35.265,,,,
24/01/2005,35.445,,,,
25/01/2005,36.03,,,,
26/01/2005,36.12,,,,
27/01/2005,36.295,,,,
28/01/2005,36.985,,,,
31/01/2005,38.44,,,,
01/02/2005,38.765,,,,
02/02/2005,39.8,,,,
03/02/2005,38.9,,,,
04/02/2005,39.41,,,,
07/02/2005,39.46,,,,
08/02/2005,40.445,,,,
09/02/2005,39.4,,,,
10/02/2005,39.225,,,,
11/02/2005,40.63,,,,
14/02/2005,42.32,,,,
15/02/2005,44.185,,,,
16/02/2005,45.06,,,,
17/02/2005,43.905,,,,
18/02/2005,43.37,,,,
22/02/2005,42.69,,,,
23/02/2005,44.11,,,,
24/02/2005,44.45,,,,
25/02/2005,44.485,,,,
28/02/2005,44.78,,,,
01/03/2005,44.43,,,,
02/03/2005,44.13,,,,
03/03/2005,41.8,,,,
04/03/2005,42.8,,,,
07/03/2005,42.7,,,,
08/03/2005,40.5,,,,
09/03/2005,39.37,,,,
10/03/2005,39.89,,,,
11/03/2005,40.29,,,,
14/03/2005,40.34,,,,
15/03/2005,40.98,,,,
16/03/2005,41.17,,,,
17/03/2005,42.3,,,,
18/03/2005,42.93,,,,
21/03/2005,43.702,,,,
22/03/2005,42.81,,,,
23/03/2005,42.52,,,,
24/03/2005,42.55,,,,
28/03/2005,42.55,,,,
29/03/2005,41.75,,,,
30/03/2005,42.71,,,,
31/03/2005,41.68,,,,
01/04/2005,40.9,,,,
04/04/2005,41.08,,,,
05/04/2005,41.88,,,,
06/04/2005,42.32,,,,
07/04/2005,43.55,,,,
08/04/2005,43.75,,,,
11/04/2005,41.925,,,,
12/04/2005,42.7,,,,
13/04/2005,41,,,,
14/04/2005,37.28,,,,
15/04/2005,35.32,,,,
18/04/2005,35.62,,,,
19/04/2005,37.07,,,,
20/04/2005,35.56,,,,
21/04/2005,37.19,,,,
22/04/2005,35.49,,,,
25/04/2005,37,,,,
26/04/2005,36.19,,,,
27/04/2005,35.92,,,,
28/04/2005,35.54,,,,
29/04/2005,36.04,,,,
02/05/2005,36.42,,,,
03/05/2005,36.28,,,,
04/05/2005,37.15,,,,
05/05/2005,36.69,,,,
06/05/2005,37.25,,,,
09/05/2005,36.97,,,,
10/05/2005,36.38,,,,
11/05/2005,35.6,,,,
12/05/2005,34.16,,,,
13/05/2005,34.76,,,,
16/05/2005,35.53,,,,
17/05/2005,35.36,,,,
18/05/2005,35.83,,,,
19/05/2005,37.54,,,,
20/05/2005,37.56,,,,
23/05/2005,39.72,,,,
24/05/2005,39.7,,,,
25/05/2005,39.78,,,,
26/05/2005,40.74,,,,
27/05/2005,40.52,,,,
31/05/2005,39.71,,,,
01/06/2005,40.29,,,,
02/06/2005,40.05,,,,
03/06/2005,38.24,,,,
06/06/2005,37.89,,,,
07/06/2005,36.55,,,,
08/06/2005,36.93,,,,
09/06/2005,37.66,,,,
10/06/2005,35.8,,,,
13/06/2005,35.89,,,,
14/06/2005,35.98,,,,
15/06/2005,37.12,,,,
16/06/2005,37.97,,,,
17/06/2005,38.32,,,,
20/06/2005,37.61,,,,
21/06/2005,37.86,,,,
22/06/2005,38.55,,,,
23/06/2005,38.86,,,,
24/06/2005,37.8,,,,
27/06/2005,37.1,,,,
28/06/2005,37.29,,,,
29/06/2005,36.37,,,,
30/06/2005,36.8,,,,
01/07/2005,36.51,,,,
05/07/2005,37.97,,,,
06/07/2005,37.39,,,,
07/07/2005,37.66,,,,
08/07/2005,38.25,,,,
11/07/2005,38.1,,,,
12/07/2005,38.25,,,,
13/07/2005,38.41,,,,
14/07/2005,40.75,,,,
15/07/2005,41.56,,,,
18/07/2005,41.48,,,,
19/07/2005,43.21,,,,
20/07/2005,43.64,,,,
21/07/2005,43.3,,,,
22/07/2005,43.96,,,,
25/07/2005,43.82,,,,
26/07/2005,43.58,,,,
27/07/2005,43.99,,,,
28/07/2005,43.74,,,,
29/07/2005,42.66,,,,
01/08/2005,42.71,,,,
02/08/2005,43.189,,,,
03/08/2005,43.21,,,,
04/08/2005,42.66,,,,
05/08/2005,43,,,,
08/08/2005,42.71,,,,
09/08/2005,43.82,,,,
10/08/2005,43.42,,,,
11/08/2005,43.98,,,,
12/08/2005,46.11,,,,
15/08/2005,47.68,,,,
16/08/2005,46.25,,,,
17/08/2005,47.17,,,,
18/08/2005,46.28,,,,
19/08/2005,45.83,,,,
22/08/2005,45.86,,,,
23/08/2005,45.72,,,,
24/08/2005,45.78,,,,
25/08/2005,46.03,,,,
26/08/2005,45.75,,,,
29/08/2005,45.84,,,,
30/08/2005,46.6,,,,
31/08/2005,46.92,,,,
01/09/2005,46.26,,,,
02/09/2005,46.21,,,,
06/09/2005,48.8,,,,
07/09/2005,48.64,,,,
08/09/2005,49.75,,,,
09/09/2005,51.28,,,,
12/09/2005,51.4,,,,
13/09/2005,50.82,,,,
14/09/2005,49.61,,,,
15/09/2005,49.92,,,,
16/09/2005,51.2,,,,
19/09/2005,52.66,,,,
20/09/2005,53.23,,,,
21/09/2005,52.1,,,,
22/09/2005,51.91,,,,
23/09/2005,53.21,,,,
26/09/2005,53.83,,,,
27/09/2005,53.43,,,,
28/09/2005,51.09,,,,
29/09/2005,52.31,,,,
30/09/2005,53.65,,,,
03/10/2005,54.43,,,,
04/10/2005,53.69,,,,
05/10/2005,52.76,,,,
06/10/2005,51.69,,,,
07/10/2005,51.3,,,,
10/10/2005,50.34,,,,
11/10/2005,51.6,,,,
12/10/2005,49.25,,,,
13/10/2005,53.73,,,,
14/10/2005,53.98,,,,
17/10/2005,53.44,,,,
18/10/2005,52.23,,,,
19/10/2005,54.87,,,,
20/10/2005,56.08,,,,
21/10/2005,55.63,,,,
24/10/2005,56.69,,,,
25/10/2005,56.08,,,,
26/10/2005,57.04,,,,
27/10/2005,55.41,,,,
28/10/2005,54.38,,,,
31/10/2005,57.58,,,,
01/11/2005,57.5,,,,
02/11/2005,59.95,,,,
03/11/2005,61.85,,,,
04/11/2005,61.11,,,,
07/11/2005,60.27,,,,
08/11/2005,59.87,,,,
09/11/2005,60.17,,,,
10/11/2005,61.18,,,,
11/11/2005,61.57,,,,
14/11/2005,61.45,,,,
15/11/2005,62.27,,,,
16/11/2005,64.97,,,,
17/11/2005,64.54,,,,
18/11/2005,64.7,,,,
21/11/2005,64.9,,,,
22/11/2005,66.76,,,,
23/11/2005,67.11,,,,
25/11/2005,69.34,,,,
28/11/2005,69.715,,,,
29/11/2005,68.12,,,,
30/11/2005,67.81,,,,
01/12/2005,71.71,,,,
02/12/2005,72.63,,,,
05/12/2005,71.8,,,,
06/12/2005,74.04,,,,
07/12/2005,73.95,,,,
08/12/2005,74.09,,,,
09/12/2005,74.35,,,,
12/12/2005,74.91,,,,
13/12/2005,74.98,,,,
14/12/2005,72.03,,,,
15/12/2005,72.14,,,,
16/12/2005,71.1,,,,
19/12/2005,71.39,,,,
20/12/2005,72.14,,,,
21/12/2005,73.49,,,,
22/12/2005,74.05,,,,
23/12/2005,73.35,,,,
27/12/2005,74.22,,,,
28/12/2005,73.6,,,,
29/12/2005,71.44,,,,
30/12/2005,71.72,,,,
03/01/2006,74.71,,,,
04/01/2006,74.98,,,,
05/01/2006,74.38,,,,
06/01/2006,76.31,,,,
09/01/2006,76.03,,,,
10/01/2006,80.89,,,,
11/01/2006,83.92,,,,
12/01/2006,84.34,,,,
13/01/2006,85.61,,,,
17/01/2006,84.75,,,,
18/01/2006,82.47,,,,
19/01/2006,79.07,,,,
20/01/2006,76.09,,,,
23/01/2006,77.61,,,,
24/01/2006,75.92,,,,
25/01/2006,74.18,,,,
26/01/2006,72.3,,,,
27/01/2006,71.99,,,,
30/01/2006,75.2,,,,
31/01/2006,75.5,,,,
01/02/2006,75.4,,,,
02/02/2006,72.08,,,,
03/02/2006,71.85,,,,
06/02/2006,67.3,,,,
07/02/2006,67.59,,,,
08/02/2006,68.76,,,,
09/02/2006,64.92,,,,
10/02/2006,67.35,,,,
13/02/2006,64.71,,,,
14/02/2006,67.65,,,,
15/02/2006,69.23,,,,
16/02/2006,70.54,,,,
17/02/2006,70.29,,,,
21/02/2006,69.08,,,,
22/02/2006,71.31,,,,
23/02/2006,71.73,,,,
24/02/2006,71.45,,,,
27/02/2006,70.94,,,,
28/02/2006,68.48,,,,
01/03/2006,69.1,,,,
02/03/2006,69.61,,,,
03/03/2006,67.71,,,,
06/03/2006,65.47,,,,
07/03/2006,66.34,,,,
08/03/2006,65.67,,,,
09/03/2006,63.92,,,,
10/03/2006,63.19,,,,
13/03/2006,65.64,,,,
14/03/2006,67.32,,,,
15/03/2006,66.26,,,,
16/03/2006,64.31,,,,
17/03/2006,64.62,,,,
20/03/2006,64,,,,
21/03/2006,61.8,,,,
22/03/2006,61.66,,,,
23/03/2006,60.14,,,,
24/03/2006,59.94,,,,
27/03/2006,59.53,,,,
28/03/2006,58.66,,,,
29/03/2006,62.29,,,,
30/03/2006,62.75,,,,
31/03/2006,62.82,,,,
03/04/2006,62.65,,,,
04/04/2006,61.17,,,,
05/04/2006,67.19,,,,
06/04/2006,71.2,,,,
07/04/2006,69.77,,,,
10/04/2006,68.63,,,,
11/04/2006,68.08,,,,
12/04/2006,66.74,,,,
13/04/2006,66.47,,,,
17/04/2006,64.81,,,,
18/04/2006,66.22,,,,
19/04/2006,65.62,,,,
20/04/2006,67.63,,,,
21/04/2006,66.98,,,,
24/04/2006,65.79,,,,
25/04/2006,66.12,,,,
26/04/2006,68.14,,,,
27/04/2006,69.28,,,,
28/04/2006,70.45,,,,
01/05/2006,69.68,,,,
02/05/2006,71.61,,,,
03/05/2006,71.14,,,,
04/05/2006,71.112,,,,
05/05/2006,71.85,,,,
08/05/2006,71.85,,,,
09/05/2006,71.03,,,,
10/05/2006,70.6,,,,
11/05/2006,68.16,,,,
12/05/2006,67.7,,,,
15/05/2006,67.82,,,,
16/05/2006,64.98,,,,
17/05/2006,65.22,,,,
18/05/2006,63.13,,,,
19/05/2006,64.49,,,,
22/05/2006,63.37,,,,
23/05/2006,63.01,,,,
24/05/2006,63.294,,,,
25/05/2006,64.33,,,,
26/05/2006,63.54,,,,
30/05/2006,61.23,,,,
31/05/2006,59.56,,,,
01/06/2006,62.09,,,,
02/06/2006,61.65,,,,
05/06/2006,60.025,,,,
06/06/2006,59.68,,,,
07/06/2006,58.51,,,,
08/06/2006,60.78,,,,
09/06/2006,59.23,,,,
12/06/2006,56.97,,,,
13/06/2006,58.28,,,,
14/06/2006,57.6,,,,
15/06/2006,59.39,,,,
16/06/2006,57.56,,,,
19/06/2006,57.23,,,,
20/06/2006,57.46,,,,
21/06/2006,57.83,,,,
22/06/2006,59.63,,,,
23/06/2006,58.75,,,,
26/06/2006,58.94,,,,
27/06/2006,57.43,,,,
28/06/2006,56.04,,,,
29/06/2006,59,,,,
30/06/2006,57.28,,,,
03/07/2006,57.95,,,,
05/07/2006,57,,,,
06/07/2006,55.78,,,,
07/07/2006,55.43,,,,
10/07/2006,54.96,,,,
11/07/2006,55.63,,,,
12/07/2006,52.97,,,,
13/07/2006,52.24,,,,
14/07/2006,50.54,,,,
17/07/2006,52.28,,,,
18/07/2006,52.99,,,,
19/07/2006,54.11,,,,
20/07/2006,60.53,,,,
21/07/2006,60.76,,,,
24/07/2006,61.49,,,,
25/07/2006,61.93,,,,
26/07/2006,63.88,,,,
27/07/2006,63.4,,,,
28/07/2006,65.59,,,,
31/07/2006,67.89,,,,
01/08/2006,67.24,,,,
02/08/2006,68.05,,,,
03/08/2006,69.64,,,,
04/08/2006,68.35,,,,
07/08/2006,67.21,,,,
08/08/2006,64.78,,,,
09/08/2006,63.58,,,,
10/08/2006,64.05,,,,
11/08/2006,63.66,,,,
14/08/2006,63.85,,,,
15/08/2006,66.47,,,,
16/08/2006,68.03,,,,
17/08/2006,67.6,,,,
18/08/2006,67.94,,,,
21/08/2006,66.6,,,,
22/08/2006,67.61,,,,
23/08/2006,67.32,,,,
24/08/2006,67.81,,,,
25/08/2006,68.75,,,,
28/08/2006,67,,,,
29/08/2006,66.47,,,,
30/08/2006,66.91,,,,
31/08/2006,67.85,,,,
01/09/2006,68.35,,,,
05/09/2006,71.48,,,,
06/09/2006,70.02,,,,
07/09/2006,72.77,,,,
08/09/2006,72.53,,,,
11/09/2006,72.5,,,,
12/09/2006,72.6,,,,
13/09/2006,74.13,,,,
14/09/2006,74.2,,,,
15/09/2006,74.03,,,,
18/09/2006,73.88,,,,
19/09/2006,73.81,,,,
20/09/2006,75.38,,,,
21/09/2006,74.59,,,,
22/09/2006,72.981,,,,
25/09/2006,75.8,,,,
26/09/2006,77.74,,,,
27/09/2006,76.37,,,,
28/09/2006,77.05,,,,
29/09/2006,76.95,,,,
02/10/2006,74.85,,,,
03/10/2006,74.04,,,,
04/10/2006,75.38,,,,
05/10/2006,74.75,,,,
06/10/2006,74.21,,,,
09/10/2006,74.56,,,,
10/10/2006,73.79,,,,
11/10/2006,73.19,,,,
12/10/2006,75.06,,,,
13/10/2006,75,,,,
16/10/2006,75.46,,,,
17/10/2006,74.28,,,,
18/10/2006,74.58,,,,
19/10/2006,79.01,,,,
20/10/2006,79.95,,,,
23/10/2006,81.47,,,,
24/10/2006,81.08,,,,
25/10/2006,81.65,,,,
26/10/2006,82.15,,,,
27/10/2006,80.42,,,,
30/10/2006,80.4,,,,
31/10/2006,81.08,,,,
01/11/2006,79.16,,,,
02/11/2006,78.93,,,,
03/11/2006,78.28,,,,
06/11/2006,79.7,,,,
07/11/2006,80.5,,,,
08/11/2006,82.4,,,,
09/11/2006,83.31,,,,
10/11/2006,83.12,,,,
13/11/2006,84.34,,,,
14/11/2006,85,,,,
15/11/2006,84.04,,,,
16/11/2006,85.66,,,,
17/11/2006,85.88,,,,
20/11/2006,86.52,,,,
21/11/2006,88.6,,,,
22/11/2006,90.28,,,,
24/11/2006,91.63,,,,
27/11/2006,89.5,,,,
28/11/2006,91.75,,,,
29/11/2006,91.8,,,,
30/11/2006,91.67,,,,
01/12/2006,91.29,,,,
04/12/2006,91.12,,,,
05/12/2006,91.259,,,,
06/12/2006,89.84,,,,
07/12/2006,87,,,,
08/12/2006,88.28,,,,
11/12/2006,88.67,,,,
12/12/2006,86.15,,,,
13/12/2006,89.03,,,,
14/12/2006,88.52,,,,
15/12/2006,87.75,,,,
18/12/2006,85.43,,,,
19/12/2006,86.29,,,,
20/12/2006,84.78,,,,
21/12/2006,82.9,,,,
22/12/2006,82.2,,,,
26/12/2006,81.53,,,,
27/12/2006,81.58,,,,
28/12/2006,80.876,,,,
29/12/2006,84.78,,,,
03/01/2007,83.8,,,,
04/01/2007,85.64,,,,
05/01/2007,85.08,,,,
08/01/2007,85.459,,,,
09/01/2007,92.55,,,,
10/01/2007,97.15,,,,
11/01/2007,95.86,,,,
12/01/2007,94.69,,,,
16/01/2007,97.11,,,,
17/01/2007,95.05,,,,
18/01/2007,89.07,,,,
19/01/2007,88.49,,,,
22/01/2007,86.77,,,,
23/01/2007,85.69,,,,
24/01/2007,86.7,,,,
25/01/2007,86.25,,,,
26/01/2007,85.38,,,,
29/01/2007,85.91,,,,
30/01/2007,85.55,,,,
31/01/2007,85.72,,,,
01/02/2007,84.74,,,,
02/02/2007,84.79,,,,
05/02/2007,83.94,,,,
06/02/2007,84.09,,,,
07/02/2007,86.15,,,,
08/02/2007,86.15,,,,
09/02/2007,83.26,,,,
12/02/2007,84.932,,,,
13/02/2007,84.65,,,,
14/02/2007,85.28,,,,
15/02/2007,85.24,,,,
16/02/2007,84.76,,,,
20/02/2007,85.9,,,,
21/02/2007,89.2,,,,
22/02/2007,89.51,,,,
23/02/2007,89.05,,,,
26/02/2007,88.52,,,,
27/02/2007,83.95,,,,
28/02/2007,84.6,,,,
01/03/2007,87.12,,,,
02/03/2007,85.43,,,,
05/03/2007,86.28,,,,
06/03/2007,88.19,,,,
07/03/2007,87.73,,,,
08/03/2007,87.96,,,,
09/03/2007,87.97,,,,
12/03/2007,89.88,,,,
13/03/2007,88.4,,,,
14/03/2007,89.99,,,,
15/03/2007,89.57,,,,
16/03/2007,89.57,,,,
19/03/2007,91.14,,,,
20/03/2007,91.47,,,,
21/03/2007,93.87,,,,
22/03/2007,93.86,,,,
23/03/2007,93.52,,,,
26/03/2007,95.9,,,,
27/03/2007,95.44,,,,
28/03/2007,93.21,,,,
29/03/2007,93.74,,,,
30/03/2007,92.85,,,,
02/04/2007,93.63,,,,
03/04/2007,94.47,,,,
04/04/2007,94.29,,,,
05/04/2007,94.67,,,,
09/04/2007,93.6,,,,
10/04/2007,94.24,,,,
11/04/2007,92.53,,,,
12/04/2007,92.15,,,,
13/04/2007,90.25,,,,
16/04/2007,91.45,,,,
17/04/2007,90.35,,,,
18/04/2007,90.36,,,,
19/04/2007,90.27,,,,
20/04/2007,90.96,,,,
23/04/2007,93.54,,,,
24/04/2007,93.24,,,,
25/04/2007,95.31,,,,
26/04/2007,98.84,,,,
27/04/2007,99.91,,,,
30/04/2007,99.82,,,,
01/05/2007,99.47,,,,
02/05/2007,100.4,,,,
03/05/2007,100.4,,,,
04/05/2007,100.8,,,,
07/05/2007,103.91,,,,
08/05/2007,105.09,,,,
09/05/2007,106.95,,,,
10/05/2007,107.36,,,,
11/05/2007,108.8,,,,
14/05/2007,109.42,,,,
15/05/2007,107.51,,,,
16/05/2007,107.31,,,,
17/05/2007,109.47,,,,
18/05/2007,110.02,,,,
21/05/2007,111.97,,,,
22/05/2007,113.52,,,,
23/05/2007,112.89,,,,
24/05/2007,110.72,,,,
25/05/2007,113.62,,,,
29/05/2007,114.35,,,,
30/05/2007,118.82,,,,
31/05/2007,121.46,,,,
01/06/2007,118.35,,,,
04/06/2007,121.31,,,,
05/06/2007,122.68,,,,
06/06/2007,123.64,,,,
07/06/2007,124.02,,,,
08/06/2007,124.46,,,,
11/06/2007,120.19,,,,
12/06/2007,120.43,,,,
13/06/2007,117.49,,,,
14/06/2007,118.9,,,,
15/06/2007,120.5,,,,
18/06/2007,125.04,,,,
19/06/2007,123.66,,,,
20/06/2007,121.62,,,,
21/06/2007,123.9,,,,
22/06/2007,123,,,,
25/06/2007,122.23,,,,
26/06/2007,119.71,,,,
27/06/2007,121.99,,,,
28/06/2007,120.56,,,,
29/06/2007,122.08,,,,
02/07/2007,121.25,,,,
03/07/2007,127.17,,,,
05/07/2007,132.74,,,,
06/07/2007,132.3,,,,
09/07/2007,130.41,,,,
10/07/2007,132.392,,,,
11/07/2007,132.29,,,,
12/07/2007,134.1,,,,
13/07/2007,137.66,,,,
16/07/2007,138.08,,,,
17/07/2007,138.86,,,,
18/07/2007,138.13,,,,
19/07/2007,139.85,,,,
20/07/2007,143.75,,,,
23/07/2007,143.69,,,,
24/07/2007,135,,,,
25/07/2007,137.23,,,,
26/07/2007,146.69,,,,
27/07/2007,143.82,,,,
30/07/2007,141.55,,,,
31/07/2007,131.65,,,,
01/08/2007,135.08,,,,
02/08/2007,136.45,,,,
03/08/2007,131.8,,,,
06/08/2007,135.19,,,,
07/08/2007,135.08,,,,
08/08/2007,134,,,,
09/08/2007,126.8,,,,
10/08/2007,125,,,,
13/08/2007,127.86,,,,
14/08/2007,124.12,,,,
15/08/2007,119.97,,,,
16/08/2007,117.3,,,,
17/08/2007,122.06,,,,
20/08/2007,122.22,,,,
21/08/2007,127.65,,,,
22/08/2007,132.51,,,,
23/08/2007,131.02,,,,
24/08/2007,135.29,,,,
27/08/2007,132.3,,,,
28/08/2007,126.894,,,,
29/08/2007,134.02,,,,
30/08/2007,136.19,,,,
31/08/2007,138.46,,,,
04/09/2007,144.17,,,,
05/09/2007,136.79,,,,
06/09/2007,135,,,,
07/09/2007,131.81,,,,
10/09/2007,136.73,,,,
11/09/2007,135.49,,,,
12/09/2007,136.83,,,,
13/09/2007,137.2,,,,
14/09/2007,138.67,,,,
17/09/2007,138.41,,,,
18/09/2007,140.91,,,,
19/09/2007,140.75,,,,
20/09/2007,140.28,,,,
21/09/2007,144.19,,,,
24/09/2007,148.44,,,,
25/09/2007,153.22,,,,
26/09/2007,152.72,,,,
27/09/2007,154.45,,,,
28/09/2007,153.5,,,,
01/10/2007,156.4,,,,
02/10/2007,158.46,,,,
03/10/2007,157.95,,,,
04/10/2007,156.33,,,,
05/10/2007,161.55,,,,
08/10/2007,167.89,,,,
09/10/2007,167.92,,,,
10/10/2007,166.74,,,,
11/10/2007,162.23,,,,
12/10/2007,167.27,,,,
15/10/2007,166.99,,,,
16/10/2007,169.58,,,,
17/10/2007,172.75,,,,
18/10/2007,173.5,,,,
19/10/2007,170.41,,,,
22/10/2007,174.41,,,,
23/10/2007,186.16,,,,
24/10/2007,185.9,,,,
25/10/2007,182.78,,,,
26/10/2007,184.7,,,,
29/10/2007,185,,,,
30/10/2007,187.05,,,,
31/10/2007,189.87,,,,
01/11/2007,187.539,,,,
02/11/2007,187.849,,,,
05/11/2007,186.04,,,,
06/11/2007,191.91,,,,
07/11/2007,186.51,,,,
08/11/2007,175.48,,,,
09/11/2007,165.36,,,,
12/11/2007,153.65,,,,
13/11/2007,169.866,,,,
14/11/2007,166.09,,,,
15/11/2007,164.246,,,,
16/11/2007,166.32,,,,
19/11/2007,164,,,,
20/11/2007,168.805,,,,
21/11/2007,168.29,,,,
23/11/2007,171.54,,,,
26/11/2007,172.574,,,,
27/11/2007,174.799,,,,
28/11/2007,180.13,,,,
29/11/2007,184.33,,,,
30/11/2007,182.15,,,,
03/12/2007,178.98,,,,
04/12/2007,179.83,,,,
05/12/2007,185.45,,,,
06/12/2007,189.95,,,,
07/12/2007,194.26,,,,
10/12/2007,194.17,,,,
11/12/2007,188.36,,,,
12/12/2007,191.16,,,,
13/12/2007,191.82,,,,
14/12/2007,190.38,,,,
17/12/2007,184.48,,,,
18/12/2007,182.972,,,,
19/12/2007,183.03,,,,
20/12/2007,187.15,,,,
21/12/2007,193.16,,,,
24/12/2007,198.8,,,,
26/12/2007,198.92,,,,
27/12/2007,198.97,,,,
28/12/2007,199.78,,,,
31/12/2007,198.08,,,,
02/01/2008,194.93,,,,
03/01/2008,194.85,,,,
04/01/2008,179.93,,,,
07/01/2008,177.58,,,,
08/01/2008,171.23,,,,
09/01/2008,179.5,,,,
10/01/2008,178.02,,,,
11/01/2008,172.4,,,,
14/01/2008,178.738,,,,
15/01/2008,169,,,,
16/01/2008,159.61,,,,
17/01/2008,160.44,,,,
18/01/2008,161.22,,,,
22/01/2008,157.5,,,,
23/01/2008,138.99,,,,
24/01/2008,135.53,,,,
25/01/2008,129.98,,,,
28/01/2008,130,,,,
29/01/2008,131.5,,,,
30/01/2008,132.19,,,,
31/01/2008,134.99,,,,
01/02/2008,133.71,,,,
04/02/2008,131.71,,,,
05/02/2008,129.42,,,,
06/02/2008,121.99,,,,
07/02/2008,121.21,,,,
08/02/2008,125.69,,,,
11/02/2008,129.45,,,,
12/02/2008,124.88,,,,
13/02/2008,129.25,,,,
14/02/2008,127.5,,,,
15/02/2008,124.63,,,,
19/02/2008,122.4,,,,
20/02/2008,123.76,,,,
21/02/2008,121.63,,,,
22/02/2008,119.4,,,,
25/02/2008,119.58,,,,
26/02/2008,119.15,,,,
27/02/2008,122.9,,,,
28/02/2008,129.98,,,,
29/02/2008,125.194,,,,
03/03/2008,121.78,,,,
04/03/2008,124.558,,,,
05/03/2008,124.543,,,,
06/03/2008,121.45,,,,
07/03/2008,122.41,,,,
10/03/2008,119.724,,,,
11/03/2008,127.35,,,,
12/03/2008,126.078,,,,
13/03/2008,127.94,,,,
14/03/2008,126.96,,,,
17/03/2008,126.74,,,,
18/03/2008,132.95,,,,
19/03/2008,129.8,,,,
20/03/2008,133.27,,,,
24/03/2008,139.66,,,,
25/03/2008,140.91,,,,
26/03/2008,145.16,,,,
27/03/2008,140.29,,,,
28/03/2008,143.02,,,,
31/03/2008,143.5,,,,
01/04/2008,149.61,,,,
02/04/2008,147.47,,,,
03/04/2008,151.6,,,,
04/04/2008,153.08,,,,
07/04/2008,155.922,,,,
08/04/2008,152.81,,,,
09/04/2008,151.44,,,,
10/04/2008,154.55,,,,
11/04/2008,147.22,,,,
14/04/2008,147.8,,,,
15/04/2008,148.38,,,,
16/04/2008,153.64,,,,
17/04/2008,154.55,,,,
18/04/2008,161.12,,,,
21/04/2008,168.16,,,,
22/04/2008,160.2,,,,
23/04/2008,162.68,,,,
24/04/2008,168.92,,,,
25/04/2008,169.76,,,,
28/04/2008,172.25,,,,
29/04/2008,175.05,,,,
30/04/2008,174.1,,,,
01/05/2008,180,,,,
02/05/2008,181,,,,
05/05/2008,184.51,,,,
06/05/2008,186.58,,,,
07/05/2008,182.72,,,,
08/05/2008,184.98,,,,
09/05/2008,183.31,,,,
12/05/2008,187.95,,,,
13/05/2008,189.94,,,,
14/05/2008,186.14,,,,
15/05/2008,189.65,,,,
16/05/2008,187.68,,,,
19/05/2008,183.61,,,,
20/05/2008,185.95,,,,
21/05/2008,178.28,,,,
22/05/2008,177.05,,,,
23/05/2008,181.17,,,,
27/05/2008,186.35,,,,
28/05/2008,187,,,,
29/05/2008,186.66,,,,
30/05/2008,188.55,,,,
02/06/2008,186.12,,,,
03/06/2008,185.38,,,,
04/06/2008,185.14,,,,
05/06/2008,189.37,,,,
06/06/2008,185.76,,,,
09/06/2008,181.68,,,,
10/06/2008,185.64,,,,
11/06/2008,180.95,,,,
12/06/2008,172.79,,,,
13/06/2008,172.29,,,,
16/06/2008,176.79,,,,
17/06/2008,181.42,,,,
18/06/2008,178.71,,,,
19/06/2008,180.98,,,,
20/06/2008,175.18,,,,
23/06/2008,173.16,,,,
24/06/2008,173.25,,,,
25/06/2008,177.39,,,,
26/06/2008,168.22,,,,
27/06/2008,170.096,,,,
30/06/2008,167.44,,,,
01/07/2008,174.68,,,,
02/07/2008,168.194,,,,
03/07/2008,170.12,,,,
07/07/2008,175.11,,,,
08/07/2008,179.69,,,,
09/07/2008,174.26,,,,
10/07/2008,176.6,,,,
11/07/2008,172.6,,,,
14/07/2008,173.88,,,,
15/07/2008,169.58,,,,
16/07/2008,172.73,,,,
17/07/2008,171.76,,,,
18/07/2008,165.25,,,,
21/07/2008,166.48,,,,
22/07/2008,162.19,,,,
23/07/2008,166.074,,,,
24/07/2008,159.08,,,,
25/07/2008,162.05,,,,
28/07/2008,154.8,,,,
29/07/2008,157,,,,
30/07/2008,159.98,,,,
31/07/2008,158.94,,,,
01/08/2008,156.66,,,,
04/08/2008,153.29,,,,
05/08/2008,160.55,,,,
06/08/2008,164.19,,,,
07/08/2008,163.82,,,,
08/08/2008,169.48,,,,
11/08/2008,173.55,,,,
12/08/2008,176.88,,,,
13/08/2008,179.32,,,,
14/08/2008,179.26,,,,
15/08/2008,175.699,,,,
18/08/2008,175.42,,,,
19/08/2008,173.54,,,,
20/08/2008,175.89,,,,
21/08/2008,174.24,,,,
22/08/2008,176.8,,,,
25/08/2008,172.75,,,,
26/08/2008,173.66,,,,
27/08/2008,174.75,,,,
28/08/2008,173.59,,,,
29/08/2008,169.625,,,,
02/09/2008,166.2,,,,
03/09/2008,166.9,,,,
04/09/2008,161.23,,,,
05/09/2008,160,,,,
08/09/2008,157.94,,,,
09/09/2008,151.53,,,,
10/09/2008,151.56,,,,
11/09/2008,152.66,,,,
12/09/2008,148.92,,,,
15/09/2008,140.6,,,,
16/09/2008,139.7,,,,
17/09/2008,127.86,,,,
18/09/2008,133.8,,,,
19/09/2008,140.78,,,,
22/09/2008,130.83,,,,
23/09/2008,126.83,,,,
24/09/2008,128.72,,,,
25/09/2008,131.94,,,,
26/09/2008,128.17,,,,
29/09/2008,105.88,,,,
30/09/2008,113.71,,,,
01/10/2008,109.12,,,,
02/10/2008,100.1,,,,
03/10/2008,97.12,,,,
06/10/2008,97.71,,,,
07/10/2008,89.37,,,,
08/10/2008,89.66,,,,
09/10/2008,89,,,,
10/10/2008,97.15,,,,
13/10/2008,110.38,,,,
14/10/2008,104,,,,
15/10/2008,97.95,,,,
16/10/2008,101.82,,,,
17/10/2008,97.35,,,,
20/10/2008,98.4,,,,
21/10/2008,91.37,,,,
22/10/2008,96.71,,,,
23/10/2008,98.22,,,,
24/10/2008,96.37,,,,
27/10/2008,92.1,,,,
28/10/2008,100.16,,,,
29/10/2008,104.56,,,,
30/10/2008,111.05,,,,
31/10/2008,107.84,,,,
03/11/2008,106.95,,,,
04/11/2008,110.85,,,,
05/11/2008,103.26,,,,
06/11/2008,99.15,,,,
07/11/2008,98.21,,,,
10/11/2008,95.82,,,,
11/11/2008,94.77,,,,
12/11/2008,90.12,,,,
13/11/2008,96.33,,,,
14/11/2008,90.2,,,,
17/11/2008,88.23,,,,
18/11/2008,89.93,,,,
19/11/2008,86.22,,,,
20/11/2008,80.5,,,,
21/11/2008,82.58,,,,
24/11/2008,92.78,,,,
25/11/2008,90.81,,,,
26/11/2008,95.1,,,,
28/11/2008,92.67,,,,
01/12/2008,89,,,,
02/12/2008,92.49,,,,
03/12/2008,95.92,,,,
04/12/2008,91.49,,,,
05/12/2008,93.99,,,,
08/12/2008,99.7,,,,
09/12/2008,100.05,,,,
10/12/2008,98.08,,,,
11/12/2008,95.02,,,,
12/12/2008,98.37,,,,
15/12/2008,94.75,,,,
16/12/2008,94.92,,,,
17/12/2008,89.15,,,,
18/12/2008,89.41,,,,
19/12/2008,89.9,,,,
22/12/2008,85.77,,,,
23/12/2008,86.41,,,,
24/12/2008,85.04,,,,
26/12/2008,85.82,,,,
29/12/2008,86.6,,,,
30/12/2008,86.29,,,,
31/12/2008,85.34,,,,
02/01/2009,90.68,,,,
05/01/2009,94.6,,,,
06/01/2009,93,,,,
07/01/2009,91,,,,
08/01/2009,92.8,,,,
09/01/2009,90.58,,,,
12/01/2009,88.66,,,,
13/01/2009,87.69,,,,
14/01/2009,85.35,,,,
15/01/2009,83.42,,,,
16/01/2009,82.32,,,,
20/01/2009,78.3,,,,
21/01/2009,82.84,,,,
22/01/2009,88.5,,,,
23/01/2009,88.37,,,,
26/01/2009,89.65,,,,
27/01/2009,90.7,,,,
28/01/2009,94.323,,,,
29/01/2009,93,,,,
30/01/2009,90.14,,,,
02/02/2009,91.53,,,,
03/02/2009,92.961,,,,
04/02/2009,93.57,,,,
05/02/2009,96.43,,,,
06/02/2009,99.93,,,,
09/02/2009,102.6,,,,
10/02/2009,97.96,,,,
11/02/2009,96.83,,,,
12/02/2009,99.33,,,,
13/02/2009,99.12,,,,
17/02/2009,94.53,,,,
18/02/2009,94.38,,,,
19/02/2009,90.64,,,,
20/02/2009,91.13,,,,
23/02/2009,87.09,,,,
24/02/2009,90.25,,,,
25/02/2009,91.07,,,,
26/02/2009,89.02,,,,
27/02/2009,89.32,,,,
02/03/2009,88.11,,,,
03/03/2009,88.36,,,,
04/03/2009,91.38,,,,
05/03/2009,88.97,,,,
06/03/2009,85.42,,,,
09/03/2009,83.15,,,,
10/03/2009,88.44,,,,
11/03/2009,92.68,,,,
12/03/2009,96.34,,,,
13/03/2009,95.93,,,,
16/03/2009,95.48,,,,
17/03/2009,99.65,,,,
18/03/2009,101.56,,,,
19/03/2009,101.64,,,,
20/03/2009,101.49,,,,
23/03/2009,107.61,,,,
24/03/2009,106.52,,,,
25/03/2009,106.49,,,,
26/03/2009,109.87,,,,
27/03/2009,106.85,,,,
30/03/2009,104.45,,,,
31/03/2009,105.15,,,,
01/04/2009,108.69,,,,
02/04/2009,112.7,,,,
03/04/2009,115.98,,,,
06/04/2009,118.44,,,,
07/04/2009,114.77,,,,
08/04/2009,116.32,,,,
09/04/2009,119.64,,,,
13/04/2009,120.21,,,,
14/04/2009,118.32,,,,
15/04/2009,117.54,,,,
16/04/2009,121.55,,,,
17/04/2009,123.4,,,,
20/04/2009,120.48,,,,
21/04/2009,121.77,,,,
22/04/2009,121.55,,,,
23/04/2009,125.62,,,,
24/04/2009,123.89,,,,
27/04/2009,124.73,,,,
28/04/2009,123.99,,,,
29/04/2009,125.41,,,,
30/04/2009,125.8,,,,
01/05/2009,127.2,,,,
04/05/2009,132.19,,,,
05/05/2009,132.7,,,,
06/05/2009,132.49,,,,
07/05/2009,129.04,,,,
08/05/2009,129.23,,,,
11/05/2009,129.52,,,,
12/05/2009,124.46,,,,
13/05/2009,119.41,,,,
14/05/2009,122.95,,,,
15/05/2009,122.34,,,,
18/05/2009,126.66,,,,
19/05/2009,127.47,,,,
20/05/2009,125.89,,,,
21/05/2009,123.92,,,,
22/05/2009,122.5,,,,
26/05/2009,130.75,,,,
27/05/2009,132.96,,,,
28/05/2009,135.02,,,,
29/05/2009,135.82,,,,
01/06/2009,139.34,,,,
02/06/2009,139.48,,,,
03/06/2009,141.03,,,,
04/06/2009,143.67,,,,
05/06/2009,144.69,,,,
08/06/2009,143.73,,,,
09/06/2009,142.6,,,,
10/06/2009,140.2,,,,
11/06/2009,139.78,,,,
12/06/2009,136.82,,,,
15/06/2009,136.09,,,,
16/06/2009,136.35,,,,
17/06/2009,135.65,,,,
18/06/2009,135.91,,,,
19/06/2009,139.43,,,,
22/06/2009,137.36,,,,
23/06/2009,133.96,,,,
24/06/2009,136.27,,,,
25/06/2009,139.94,,,,
26/06/2009,142.5,,,,
29/06/2009,141.96,,,,
30/06/2009,142.52,,,,
01/07/2009,142.83,,,,
02/07/2009,140.03,,,,
06/07/2009,138.61,,,,
07/07/2009,135.38,,,,
08/07/2009,137.24,,,,
09/07/2009,136.32,,,,
10/07/2009,138.49,,,,
13/07/2009,142.33,,,,
14/07/2009,142.27,,,,
15/07/2009,146.82,,,,
16/07/2009,147.49,,,,
17/07/2009,151.75,,,,
20/07/2009,152.95,,,,
21/07/2009,151.6,,,,
22/07/2009,156.71,,,,
23/07/2009,157.83,,,,
24/07/2009,160,,,,
27/07/2009,160.11,,,,
28/07/2009,159.99,,,,
29/07/2009,160.05,,,,
30/07/2009,162.75,,,,
31/07/2009,163.58,,,,
03/08/2009,166.42,,,,
04/08/2009,165.5,,,,
05/08/2009,165,,,,
06/08/2009,163.91,,,,
07/08/2009,165.58,,,,
10/08/2009,164.72,,,,
11/08/2009,162.87,,,,
12/08/2009,165.47,,,,
13/08/2009,168.42,,,,
14/08/2009,166.8,,,,
17/08/2009,159.62,,,,
18/08/2009,164,,,,
19/08/2009,164.6,,,,
20/08/2009,166.4,,,,
21/08/2009,169.2,,,,
24/08/2009,169.2,,,,
25/08/2009,169.4,,,,
26/08/2009,167.41,,,,
27/08/2009,169.44,,,,
28/08/2009,170.1,,,,
31/08/2009,168.24,,,,
01/09/2009,165.3,,,,
02/09/2009,165.15,,,,
03/09/2009,166.55,,,,
04/09/2009,170.25,,,,
08/09/2009,172.92,,,,
09/09/2009,171.04,,,,
10/09/2009,172.61,,,,
11/09/2009,172.16,,,,
14/09/2009,173.7,,,,
15/09/2009,175.16,,,,
16/09/2009,181.88,,,,
17/09/2009,184.57,,,,
18/09/2009,185.01,,,,
21/09/2009,184.08,,,,
22/09/2009,184.48,,,,
23/09/2009,185.53,,,,
24/09/2009,183.82,,,,
25/09/2009,182.18,,,,
28/09/2009,186.16,,,,
29/09/2009,185.42,,,,
30/09/2009,185.37,,,,
01/10/2009,180.76,,,,
02/10/2009,184.9,,,,
05/10/2009,186,,,,
06/10/2009,190,,,,
07/10/2009,190.24,,,,
08/10/2009,189.25,,,,
09/10/2009,190.45,,,,
12/10/2009,190.81,,,,
13/10/2009,189.99,,,,
14/10/2009,191.3,,,,
15/10/2009,190.56,,,,
16/10/2009,188.1,,,,
19/10/2009,189.96,,,,
20/10/2009,198.8,,,,
21/10/2009,204.98,,,,
22/10/2009,205.2,,,,
23/10/2009,203.88,,,,
26/10/2009,202.28,,,,
27/10/2009,197.38,,,,
28/10/2009,192.27,,,,
29/10/2009,196.39,,,,
30/10/2009,188.5,,,,
02/11/2009,189.29,,,,
03/11/2009,188.71,,,,
04/11/2009,190.86,,,,
05/11/2009,194.16,,,,
06/11/2009,194.35,,,,
09/11/2009,201.5,,,,
10/11/2009,202.98,,,,
11/11/2009,203.26,,,,
12/11/2009,202,,,,
13/11/2009,204.49,,,,
16/11/2009,206.45,,,,
17/11/2009,207,,,,
18/11/2009,205.96,,,,
19/11/2009,200.42,,,,
20/11/2009,199.93,,,,
23/11/2009,205.87,,,,
24/11/2009,204.44,,,,
25/11/2009,204.13,,,,
27/11/2009,200.592,,,,
30/11/2009,199.95,,,,
01/12/2009,196.91,,,,
02/12/2009,196.12,,,,
03/12/2009,196.5,,,,
04/12/2009,193.32,,,,
07/12/2009,189,,,,
08/12/2009,189.83,,,,
09/12/2009,197.45,,,,
10/12/2009,196.6,,,,
11/12/2009,194.7,,,,
14/12/2009,197.02,,,,
15/12/2009,194.17,,,,
16/12/2009,195.03,,,,
17/12/2009,191.77,,,,
18/12/2009,195.26,,,,
21/12/2009,198.23,,,,
22/12/2009,200.49,,,,
23/12/2009,202.19,,,,
24/12/2009,209.04,,,,
28/12/2009,211.58,,,,
29/12/2009,209.07,,,,
30/12/2009,211.8,,,,
31/12/2009,210.84,,,,
04/01/2010,214.18,,,,
05/01/2010,214.38,,,,
06/01/2010,210.94,,,,
07/01/2010,210.58,,,,
08/01/2010,211.89,,,,
11/01/2010,210.07,,,,
12/01/2010,207.73,,,,
13/01/2010,210.4,,,,
14/01/2010,209.42,,,,
15/01/2010,205.9,,,,
19/01/2010,215.04,,,,
20/01/2010,211.83,,,,
21/01/2010,208.24,,,,
22/01/2010,197.76,,,,
25/01/2010,202.5,,,,
26/01/2010,205.89,,,,
27/01/2010,207.97,,,,
28/01/2010,199.3,,,,
29/01/2010,192.12,,,,
01/02/2010,194.705,,,,
02/02/2010,195.82,,,,
03/02/2010,199.22,,,,
04/02/2010,192,,,,
05/02/2010,195.3,,,,
08/02/2010,194.01,,,,
09/02/2010,196.19,,,,
10/02/2010,195.25,,,,
11/02/2010,198.72,,,,
12/02/2010,200.6,,,,
16/02/2010,203.42,,,,
17/02/2010,202.54,,,,
18/02/2010,203.04,,,,
19/02/2010,201.64,,,,
22/02/2010,200.44,,,,
23/02/2010,196.98,,,,
24/02/2010,200.55,,,,
25/02/2010,202,,,,
26/02/2010,204.64,,,,
01/03/2010,209.01,,,,
02/03/2010,208.8,,,,
03/03/2010,209.33,,,,
04/03/2010,210.75,,,,
05/03/2010,219,,,,
08/03/2010,219.03,,,,
09/03/2010,223.17,,,,
10/03/2010,224.84,,,,
11/03/2010,225.5,,,,
12/03/2010,226.62,,,,
15/03/2010,223.9,,,,
16/03/2010,224.55,,,,
17/03/2010,224.07,,,,
18/03/2010,224.75,,,,
19/03/2010,222.21,,,,
22/03/2010,224.88,,,,
23/03/2010,228.39,,,,
24/03/2010,229.36,,,,
25/03/2010,226.73,,,,
26/03/2010,230.91,,,,
29/03/2010,232.45,,,,
30/03/2010,235.83,,,,
31/03/2010,234.92,,,,
01/04/2010,235.97,,,,
05/04/2010,238.5,,,,
06/04/2010,239.66,,,,
07/04/2010,240.54,,,,
08/04/2010,239.95,,,,
09/04/2010,241.88,,,,
12/04/2010,242.31,,,,
13/04/2010,242.34,,,,
14/04/2010,245.63,,,,
15/04/2010,248.92,,,,
16/04/2010,247.44,,,,
19/04/2010,247.08,,,,
20/04/2010,244.61,,,,
21/04/2010,259.24,,,,
22/04/2010,266.33,,,,
23/04/2010,270.85,,,,
26/04/2010,269.5,,,,
27/04/2010,262.23,,,,
28/04/2010,261.61,,,,
29/04/2010,268.6,,,,
30/04/2010,261.01,,,,
03/05/2010,266.36,,,,
04/05/2010,258.66,,,,
05/05/2010,256.12,,,,
06/05/2010,246.05,,,,
07/05/2010,235.82,,,,
10/05/2010,253.89,,,,
11/05/2010,256.57,,,,
12/05/2010,262.08,,,,
13/05/2010,258.27,,,,
14/05/2010,254,,,,
17/05/2010,254.15,,,,
18/05/2010,252.33,,,,
19/05/2010,248.31,,,,
20/05/2010,237.57,,,,
21/05/2010,242.33,,,,
24/05/2010,246.75,,,,
25/05/2010,245.2,,,,
26/05/2010,244.11,,,,
27/05/2010,253.49,,,,
28/05/2010,256.99,,,,
01/06/2010,260.8,,,,
02/06/2010,263.94,,,,
03/06/2010,263.3,,,,
04/06/2010,256.086,,,,
07/06/2010,250.95,,,,
08/06/2010,249.38,,,,
09/06/2010,243.21,,,,
10/06/2010,250.74,,,,
11/06/2010,253.51,,,,
14/06/2010,254.18,,,,
15/06/2010,259.8,,,,
16/06/2010,267.28,,,,
17/06/2010,271.82,,,,
18/06/2010,274.07,,,,
21/06/2010,270.36,,,,
22/06/2010,273.46,,,,
23/06/2010,270.98,,,,
24/06/2010,268.73,,,,
25/06/2010,266.01,,,,
28/06/2010,268.3,,,,
29/06/2010,256.29,,,,
30/06/2010,251.54,,,,
01/07/2010,248.47,,,,
02/07/2010,247,,,,
06/07/2010,248.6,,,,
07/07/2010,258.77,,,,
08/07/2010,258,,,,
09/07/2010,259.7,,,,
12/07/2010,257.299,,,,
13/07/2010,252.11,,,,
14/07/2010,252.84,,,,
15/07/2010,251.3,,,,
16/07/2010,249.86,,,,
19/07/2010,245.64,,,,
20/07/2010,252.07,,,,
21/07/2010,254.25,,,,
22/07/2010,259.29,,,,
23/07/2010,260.05,,,,
26/07/2010,259.27,,,,
27/07/2010,264.09,,,,
28/07/2010,260.98,,,,
29/07/2010,258.11,,,,
30/07/2010,257.29,,,,
02/08/2010,261.77,,,,
03/08/2010,261.92,,,,
04/08/2010,262.94,,,,
05/08/2010,261.7,,,,
06/08/2010,260.15,,,,
09/08/2010,261.8,,,,
10/08/2010,259.4,,,,
11/08/2010,250.07,,,,
12/08/2010,251.79,,,,
13/08/2010,249.1,,,,
16/08/2010,247.67,,,,
17/08/2010,252.12,,,,
18/08/2010,253.07,,,,
19/08/2010,249.83,,,,
20/08/2010,249.66,,,,
23/08/2010,245.8,,,,
24/08/2010,240.25,,,,
25/08/2010,242.89,,,,
26/08/2010,240.29,,,,
27/08/2010,241.59,,,,
30/08/2010,242.51,,,,
31/08/2010,243.37,,,,
01/09/2010,250.27,,,,
02/09/2010,252.17,,,,
03/09/2010,258.77,,,,
07/09/2010,257.95,,,,
08/09/2010,262.91,,,,
09/09/2010,263.07,,,,
10/09/2010,263.4,,,,
13/09/2010,267.3,,,,
14/09/2010,268.04,,,,
15/09/2010,270.23,,,,
16/09/2010,276.57,,,,
17/09/2010,275.46,,,,
20/09/2010,283.54,,,,
21/09/2010,284.15,,,,
22/09/2010,287.74,,,,
23/09/2010,288.92,,,,
24/09/2010,292.48,,,,
27/09/2010,291.02,,,,
28/09/2010,286.85,,,,
29/09/2010,287.34,,,,
30/09/2010,283.75,,,,
01/10/2010,282.52,,,,
04/10/2010,278.6,,,,
05/10/2010,289.44,,,,
06/10/2010,288.96,,,,
07/10/2010,289.1,,,,
08/10/2010,294.11,,,,
11/10/2010,295.36,,,,
12/10/2010,298.74,,,,
13/10/2010,300.08,,,,
14/10/2010,302.27,,,,
15/10/2010,314.97,,,,
18/10/2010,317.92,,,,
19/10/2010,309.65,,,,
20/10/2010,310.53,,,,
21/10/2010,309.385,,,,
22/10/2010,307.88,,,,
25/10/2010,308.83,,,,
26/10/2010,308.06,,,,
27/10/2010,307.71,,,,
28/10/2010,305.23,,,,
29/10/2010,300.88,,,,
01/11/2010,304.18,,,,
02/11/2010,309.7,,,,
03/11/2010,312.75,,,,
04/11/2010,318.25,,,,
05/11/2010,317.13,,,,
08/11/2010,318.8,,,,
09/11/2010,316.08,,,,
10/11/2010,318.09,,,,
11/11/2010,316.54,,,,
12/11/2010,308.11,,,,
15/11/2010,307.41,,,,
16/11/2010,301.24,,,,
17/11/2010,300.35,,,,
18/11/2010,308.57,,,,
19/11/2010,306.9,,,,
22/11/2010,313.36,,,,
23/11/2010,308.72,,,,
24/11/2010,314.78,,,,
26/11/2010,315,,,,
29/11/2010,316.83,,,,
30/11/2010,311.15,,,,
01/12/2010,316.72,,,,
02/12/2010,318.13,,,,
03/12/2010,317.47,,,,
06/12/2010,320.17,,,,
07/12/2010,318.2,,,,
08/12/2010,321.01,,,,
09/12/2010,319.89,,,,
10/12/2010,320.6,,,,
13/12/2010,321.6,,,,
14/12/2010,320.26,,,,
15/12/2010,320.4,,,,
16/12/2010,321,,,,
17/12/2010,320.66,,,,
20/12/2010,322.2,,,,
21/12/2010,324.21,,,,
22/12/2010,325.25,,,,
23/12/2010,323.6,,,,
27/12/2010,324.7,,,,
28/12/2010,325.47,,,,
29/12/2010,325.3,,,,
30/12/2010,323.66,,,,
31/12/2010,322.44,,,,
03/01/2011,329.72,,,,
04/01/2011,331.3,,,,
05/01/2011,334,,,,
06/01/2011,333.65,,,,
07/01/2011,336.13,,,,
10/01/2011,342.3,,,,
11/01/2011,341.6,,,,
12/01/2011,344.42,,,,
13/01/2011,345.66,,,,
14/01/2011,348.46,,,,
18/01/2011,341,,,,
19/01/2011,338.84,,,,
20/01/2011,332.82,,,,
21/01/2011,326.72,,,,
24/01/2011,337.38,,,,
25/01/2011,341.4,,,,
26/01/2011,343.87,,,,
27/01/2011,343.25,,,,
28/01/2011,336.05,,,,
31/01/2011,339.3,,,,
01/02/2011,345.11,,,,
02/02/2011,344.32,,,,
03/02/2011,343.41,,,,
04/02/2011,346.5,,,,
07/02/2011,351.87,,,,
08/02/2011,355.32,,,,
09/02/2011,358.12,,,,
10/02/2011,354.54,,,,
11/02/2011,356.86,,,,
14/02/2011,359.18,,,,
15/02/2011,359.95,,,,
16/02/2011,363.06,,,,
17/02/2011,358.29,,,,
18/02/2011,350.56,,,,
22/02/2011,338.68,,,,
23/02/2011,342.62,,,,
24/02/2011,342.57,,,,
25/02/2011,348.29,,,,
28/02/2011,353.49,,,,
01/03/2011,349.5,,,,
02/03/2011,352.12,,,,
03/03/2011,359.56,,,,
04/03/2011,360,,,,
07/03/2011,355.4,,,,
08/03/2011,355.67,,,,
09/03/2011,352.45,,,,
10/03/2011,346.71,,,,
11/03/2011,352.008,,,,
14/03/2011,353.56,,,,
15/03/2011,345.43,,,,
16/03/2011,330.03,,,,
17/03/2011,334.49,,,,
18/03/2011,330.66,,,,
21/03/2011,339.2,,,,
22/03/2011,341.13,,,,
23/03/2011,339.13,,,,
24/03/2011,345.03,,,,
25/03/2011,351.59,,,,
28/03/2011,350.45,,,,
29/03/2011,350.95,,,,
30/03/2011,348.77,,,,
31/03/2011,348.576,,,,
01/04/2011,344.55,,,,
04/04/2011,341.2,,,,
05/04/2011,338.69,,,,
06/04/2011,338.04,,,,
07/04/2011,338.08,,,,
08/04/2011,335.06,,,,
11/04/2011,330.99,,,,
12/04/2011,332.4,,,,
13/04/2011,336.088,,,,
14/04/2011,332.07,,,,
15/04/2011,327.48,,,,
18/04/2011,331.85,,,,
19/04/2011,337.88,,,,
20/04/2011,342.36,,,,
21/04/2011,350.71,,,,
25/04/2011,353.1,,,,
26/04/2011,350.46,,,,
27/04/2011,350.24,,,,
28/04/2011,347.11,,,,
29/04/2011,349.09,,,,
02/05/2011,346.228,,,,
03/05/2011,348,,,,
04/05/2011,349.92,,,,
05/05/2011,346.91,,,,
06/05/2011,346.55,,,,
09/05/2011,347.51,,,,
10/05/2011,349.45,,,,
11/05/2011,347.24,,,,
12/05/2011,346.59,,,,
13/05/2011,340.48,,,,
16/05/2011,333.32,,,,
17/05/2011,336.11,,,,
18/05/2011,339.78,,,,
19/05/2011,340.55,,,,
20/05/2011,335.15,,,,
23/05/2011,334.4,,,,
24/05/2011,332.35,,,,
25/05/2011,336.55,,,,
26/05/2011,334.99,,,,
27/05/2011,337.37,,,,
31/05/2011,347.68,,,,
01/06/2011,345.5,,,,
02/06/2011,345.94,,,,
03/06/2011,343.31,,,,
06/06/2011,338.055,,,,
07/06/2011,331.91,,,,
08/06/2011,332.31,,,,
09/06/2011,331.5,,,,
10/06/2011,325.57,,,,
13/06/2011,326.59,,,,
14/06/2011,332.33,,,,
15/06/2011,326.79,,,,
16/06/2011,325.16,,,,
17/06/2011,320.31,,,,
20/06/2011,315.32,,,,
21/06/2011,325.27,,,,
22/06/2011,322.6,,,,
23/06/2011,331.24,,,,
24/06/2011,326.35,,,,
27/06/2011,332.08,,,,
28/06/2011,335.26,,,,
29/06/2011,334.04,,,,
30/06/2011,335.6,,,,
01/07/2011,343.4,,,,
05/07/2011,349.31,,,,
06/07/2011,351.84,,,,
07/07/2011,357.21,,,,
08/07/2011,359.72,,,,
11/07/2011,354.1,,,,
12/07/2011,353.85,,,,
13/07/2011,358.14,,,,
14/07/2011,357.91,,,,
15/07/2011,364.96,,,,
18/07/2011,373.82,,,,
19/07/2011,376.85,,,,
20/07/2011,387,,,,
21/07/2011,387.28,,,,
22/07/2011,393.3,,,,
25/07/2011,398.411,,,,
26/07/2011,403.26,,,,
27/07/2011,392.58,,,,
28/07/2011,391.91,,,,
29/07/2011,390.692,,,,
01/08/2011,396.74,,,,
02/08/2011,388.92,,,,
03/08/2011,392.57,,,,
04/08/2011,377.35,,,,
05/08/2011,373.75,,,,
08/08/2011,353.35,,,,
09/08/2011,374.42,,,,
10/08/2011,363,,,,
11/08/2011,373.68,,,,
12/08/2011,376.86,,,,
15/08/2011,383.3,,,,
16/08/2011,380.4,,,,
17/08/2011,380.21,,,,
18/08/2011,365.85,,,,
19/08/2011,356.08,,,,
22/08/2011,356.41,,,,
23/08/2011,373.59,,,,
24/08/2011,376.15,,,,
25/08/2011,373.71,,,,
26/08/2011,383.72,,,,
29/08/2011,389.8939,,,,
30/08/2011,389.96,,,,
31/08/2011,384.81,,,,
01/09/2011,381.15,,,,
02/09/2011,374.05,,,,
06/09/2011,379.5,,,,
07/09/2011,383.92,,,,
08/09/2011,384.19,,,,
09/09/2011,377.06,,,,
12/09/2011,379.95,,,,
13/09/2011,384.48,,,,
14/09/2011,389.28,,,,
15/09/2011,393.06,,,,
16/09/2011,400.24,,,,
19/09/2011,411.64,,,,
20/09/2011,413.46,,,,
21/09/2011,412.2,,,,
22/09/2011,401.82,,,,
23/09/2011,404.13,,,,
26/09/2011,403.2,,,,
27/09/2011,399.26,,,,
28/09/2011,396.92,,,,
29/09/2011,390.19,,,,
30/09/2011,381.2,,,,
03/10/2011,374.34,,,,
04/10/2011,372.58,,,,
05/10/2011,378.62,,,,
06/10/2011,377.31,,,,
07/10/2011,369.81,,,,
10/10/2011,388.81,,,,
11/10/2011,400.27,,,,
12/10/2011,402.11,,,,
13/10/2011,408.42,,,,
14/10/2011,422,,,,
17/10/2011,419.77,,,,
18/10/2011,421.88,,,,
19/10/2011,398.81,,,,
20/10/2011,395.4499,,,,
21/10/2011,393.04,,,,
24/10/2011,405.7,,,,
25/10/2011,397.86,,,,
26/10/2011,400.32,,,,
27/10/2011,404.48,,,,
28/10/2011,405.04,,,,
31/10/2011,404.8,,,,
01/11/2011,396.64,,,,
02/11/2011,397.3,,,,
03/11/2011,403.05,,,,
04/11/2011,400.24,,,,
07/11/2011,399.77,,,,
08/11/2011,406.01,,,,
09/11/2011,395.31,,,,
10/11/2011,385.21,,,,
11/11/2011,384.67,,,,
14/11/2011,379.26,,,,
15/11/2011,388.82,,,,
16/11/2011,384.89,,,,
17/11/2011,377.41,,,,
18/11/2011,374.95,,,,
21/11/2011,369.01,,,,
22/11/2011,376.52,,,,
23/11/2011,367,,,,
25/11/2011,363.79,,,,
28/11/2011,376.02,,,,
29/11/2011,373.2,,,,
30/11/2011,381.96,,,,
01/12/2011,387.82,,,,
02/12/2011,389.7,,,,
05/12/2011,393.007,,,,
06/12/2011,391,,,,
07/12/2011,389.14,,,,
08/12/2011,390.73,,,,
09/12/2011,393.65,,,,
12/12/2011,391.86,,,,
13/12/2011,388.79,,,,
14/12/2011,380.03,,,,
15/12/2011,378.88,,,,
16/12/2011,380.69,,,,
19/12/2011,381.87,,,,
20/12/2011,396.1,,,,
21/12/2011,396.44,,,,
22/12/2011,398.47,,,,
23/12/2011,403.38,,,,
27/12/2011,406.57,,,,
28/12/2011,402.77,,,,
29/12/2011,405.1,,,,
30/12/2011,404.99,,,,
01/03/2012,544.27,,,,
02/03/2012,545.05,,,,
05/03/2012,533.36,,,,
06/03/2012,530.25,,,,
07/03/2012,530.63,,,,
08/03/2012,541.75,,,,
09/03/2012,545.02,,,,
12/03/2012,552,,,,
13/03/2012,568.08,,,,
14/03/2012,589.58,,,,
15/03/2012,585.4,,,,
16/03/2012,585.57,,,,
19/03/2012,601.22,,,,
20/03/2012,605.96,,,,
21/03/2012,602.5,,,,
22/03/2012,599.4,,,,
23/03/2012,596.2,,,,
26/03/2012,606.88,,,,
27/03/2012,614.57,,,,
28/03/2012,617.61,,,,
29/03/2012,609.86,,,,
30/03/2012,599.47,,,,
02/04/2012,618.68,,,,
03/04/2012,629.312,,,,
04/04/2012,624.09,,,,
05/04/2012,633.67,,,,
09/04/2012,636.24,,,,
10/04/2012,628.75,,,,
11/04/2012,626.11,,,,
12/04/2012,622.55,,,,
13/04/2012,605.19,,,,
16/04/2012,580.65,,,,
17/04/2012,609.3,,,,
18/04/2012,608.24,,,,
19/04/2012,587.95,,,,
20/04/2012,572.405,,,,
23/04/2012,572,,,,
24/04/2012,560.39,,,,
25/04/2012,609.84,,,,
26/04/2012,607.72,,,,
27/04/2012,603,,,,
30/04/2012,584.05,,,,
01/05/2012,582.16,,,,
02/05/2012,586,,,,
03/05/2012,581.742,,,,
04/05/2012,565.28,,,,
07/05/2012,569.64,,,,
08/05/2012,568.07,,,,
09/05/2012,569.25,,,,
10/05/2012,570.48,,,,
11/05/2012,566.71,,,,
14/05/2012,558.09,,,,
15/05/2012,553.09,,,,
16/05/2012,546.07,,,,
17/05/2012,530.12,,,,
18/05/2012,530.25,,,,
21/05/2012,561.3,,,,
22/05/2012,556.91,,,,
23/05/2012,570.31,,,,
24/05/2012,565.25,,,,
25/05/2012,562.29,,,,
29/05/2012,572.26,,,,
30/05/2012,579.01,,,,
31/05/2012,577.55,,,,
01/06/2012,561.06,,,,
04/06/2012,564.29,,,,
05/06/2012,562.68,,,,
06/06/2012,571.73,,,,
07/06/2012,571.74,,,,
08/06/2012,580.27,,,,
11/06/2012,571.5,,,,
12/06/2012,576.15,,,,
13/06/2012,572.15,,,,
14/06/2012,571.51,,,,
15/06/2012,574.13,,,,
18/06/2012,585.81,,,,
19/06/2012,587.34,,,,
20/06/2012,585.656,,,,
21/06/2012,577.6,,,,
22/06/2012,582,,,,
25/06/2012,570.75,,,,
26/06/2012,572.06,,,,
27/06/2012,574.451,,,,
28/06/2012,568.76,,,,
29/06/2012,584,,,,
02/07/2012,592.71,,,,
03/07/2012,599.41,,,,
05/07/2012,609.9432,,,,
06/07/2012,606.2199,,,,
09/07/2012,613.89,,,,
10/07/2012,608.15,,,,
11/07/2012,604.43,,,,
12/07/2012,598.8472,,,,
13/07/2012,604.8,,,,
16/07/2012,606.95,,,,
17/07/2012,606.91,,,,
18/07/2012,606.16,,,,
19/07/2012,614.42,,,,
20/07/2012,603.8,,,,
23/07/2012,603.84,,,,
24/07/2012,601.28,,,,
25/07/2012,574.97,,,,
26/07/2012,574.66,,,,
27/07/2012,585.28,,,,
30/07/2012,594.96,,,,
31/07/2012,610.76,,,,
01/08/2012,606.84,,,,
02/08/2012,607.75,,,,
03/08/2012,615.65,,,,
06/08/2012,622.483,,,,
07/08/2012,620.97,,,,
08/08/2012,619.85,,,,
09/08/2012,620.73,,,,
10/08/2012,621.64,,,,
13/08/2012,630,,,,
14/08/2012,631.63,,,,
15/08/2012,630.63,,,,
16/08/2012,636.3,,,,
17/08/2012,648.1599,,,,
20/08/2012,664.9901,,,,
21/08/2012,656.2,,,,
22/08/2012,668.88,,,,
23/08/2012,662.36,,,,
24/08/2012,663.18,,,,
27/08/2012,675.47,,,,
28/08/2012,674.75,,,,
29/08/2012,673.46,,,,
30/08/2012,663.91,,,,
31/08/2012,665.22,,,,
04/09/2012,674.64,,,,
05/09/2012,670.15,,,,
06/09/2012,676.34,,,,
07/09/2012,680.39,,,,
10/09/2012,662.52,,,,
11/09/2012,660.6,,,,
12/09/2012,669.86,,,,
13/09/2012,682.97,,,,
14/09/2012,691.24,,,,
17/09/2012,699.8,,,,
18/09/2012,701.951,,,,
19/09/2012,702.173,,,,
20/09/2012,698.6946,,,,
21/09/2012,700.7,,,,
24/09/2012,689.84,,,,
25/09/2012,673.7,,,,
26/09/2012,665.03,,,,
27/09/2012,681.42,,,,
28/09/2012,667.08,,,,
01/10/2012,659.74,,,,
02/10/2012,661.27,,,,
03/10/2012,671.8,,,,
04/10/2012,666.89,,,,
05/10/2012,652.58,,,,
08/10/2012,638.17,,,,
09/10/2012,636.17,,,,
10/10/2012,640.88,,,,
11/10/2012,628.1,,,,
12/10/2012,629.56,,,,
15/10/2012,634.75,,,,
16/10/2012,649.61,,,,
17/10/2012,644.53,,,,
18/10/2012,632.6,,,,
19/10/2012,609.784,,,,
22/10/2012,634.16,,,,
23/10/2012,613.42,,,,
24/10/2012,616.49,,,,
25/10/2012,609.65,,,,
26/10/2012,603.97,,,,
31/10/2012,595.24,,,,
01/11/2012,596.52,,,,
02/11/2012,576.94,,,,
05/11/2012,584.62,,,,
06/11/2012,582.85,,,,
07/11/2012,558.07,,,,
08/11/2012,537.83,,,,
09/11/2012,547.3,,,,
12/11/2012,543,,,,
13/11/2012,542.62,,,,
14/11/2012,537.14,,,,
15/11/2012,525.85,,,,
16/11/2012,527.67,,,,
19/11/2012,565.93,,,,
20/11/2012,561.14,,,,
21/11/2012,561.71,,,,
23/11/2012,571.5,,,,
26/11/2012,589.27,,,,
27/11/2012,584.71,,,,
28/11/2012,582.8001,,,,
29/11/2012,589.35,,,,
30/11/2012,584.98,,,,
03/12/2012,586.09,,,,
04/12/2012,575.78,,,,
05/12/2012,538.8,,,,
06/12/2012,547.24,,,,
07/12/2012,533.02,,,,
10/12/2012,529.75,,,,
11/12/2012,541.01,,,,
12/12/2012,538.92,,,,
13/12/2012,529.5999,,,,
14/12/2012,509,,,,
17/12/2012,519.16,,,,
18/12/2012,533.85,,,,
19/12/2012,526.11,,,,
20/12/2012,521.905,,,,
21/12/2012,519.33,,,,
24/12/2012,520.168,,,,
26/12/2012,512.9,,,,
27/12/2012,514.954,,,,
28/12/2012,509.43,,,,
31/12/2012,532.98,,,,
02/01/2013,548.71,,,,
03/01/2013,542.38,,,,
04/01/2013,527.01,,,,
07/01/2013,523.9701,,,,
08/01/2013,525.19,,,,
09/01/2013,517.1,,,,
10/01/2013,523.48,,,,
11/01/2013,520.12,,,,
14/01/2013,501.9,,,,
15/01/2013,485.81,,,,
16/01/2013,506.08,,,,
17/01/2013,502.7,,,,
18/01/2013,499.96,,,,
22/01/2013,504.71,,,,
23/01/2013,514,,,,
24/01/2013,450.5,,,,
25/01/2013,439.85,,,,
28/01/2013,449.73,,,,
29/01/2013,458.43,,,,
30/01/2013,456.91,,,,
31/01/2013,455.38,,,,
01/02/2013,453.76,,,,
04/02/2013,442.22,,,,
05/02/2013,457.82,,,,
06/02/2013,457.285,,,,
07/02/2013,468.25,,,,
08/02/2013,474.97,,,,
11/02/2013,479.949,,,,
12/02/2013,467.842,,,,
13/02/2013,467,,,,
14/02/2013,466.6,,,,
15/02/2013,460.25,,,,
19/02/2013,459.96,,,,
20/02/2013,448.92,,,,
21/02/2013,445.96,,,,
22/02/2013,450.63,,,,
25/02/2013,442.93,,,,
26/02/2013,448.94,,,,
27/02/2013,444.57,,,,
28/02/2013,441.42,,,,
01/03/2013,430.427,,,,
04/03/2013,420.01,,,,
05/03/2013,431.26,,,,
06/03/2013,425.65,,,,
07/03/2013,430.4,,,,
08/03/2013,431.55,,,,
11/03/2013,437.755,,,,
12/03/2013,428.5,,,,
13/03/2013,428.29,,,,
14/03/2013,432.3799,,,,
15/03/2013,443.85,,,,
18/03/2013,455.72,,,,
19/03/2013,454.49,,,,
20/03/2013,452.03,,,,
21/03/2013,452.78,,,,
22/03/2013,461.95,,,,
25/03/2013,463.53,,,,
26/03/2013,461.13,,,,
27/03/2013,452.07,,,,
28/03/2013,442.54,,,,
01/04/2013,428.91,,,,
02/04/2013,429.89,,,,
03/04/2013,431.85,,,,
04/04/2013,427.62,,,,
05/04/2013,423.2,,,,
08/04/2013,426.21,,,,
09/04/2013,426.98,,,,
10/04/2013,435.77,,,,
11/04/2013,434.37,,,,
12/04/2013,429.77,,,,
15/04/2013,419.86,,,,
16/04/2013,426.09,,,,
17/04/2013,402.8,,,,
18/04/2013,391.9,,,,
